i,j,FC,caliber,myelin,length,rsn_i,rsn_j
1,2,0.5296811514371513,0.30471707975443135,-0.7630572096947675,0.2964180008086595,Visual,Default
1,3,0.2825769842404901,-1.0399841062404955,-1.112411471983418,2.0350733027310675,Visual,Control
1,4,0.41741182033948004,0.7504511958064572,1.191142953088865,-0.0870941710525099,Visual,Visual
1,5,0.6631097374280979,0.9405647163912139,0.2627492251471385,-0.30708321833457675,Visual,Default
1,6,-1.8141439163964528,-1.9510351886538364,0.4801434033916108,-0.7535275803573779,Visual,Control
1,7,0.517568179855833,-1.302179506862318,-1.7445859869741926,-1.0322626705778368,Visual,Visual
1,8,-0.5287138442302187,0.12784040316728537,0.9274384815581808,-1.2444717876010754,Visual,Default
1,9,-0.663841593502136,-0.3162425923435822,0.45442033821436295,-0.8887973132309185,Visual,Control
1,10,0.2691158578189059,-0.016801157504288795,-1.110430684414478,-0.07068038165207131,Visual,Visual
1,11,0.15680984617860544,-0.85304392757358,-0.47152480744994896,0.3342951284977145,Visual,Default
1,12,0.7391851893370628,0.8793979748628286,0.2637172043565196,0.051142058552161786,Visual,Control
1,13,0.18598129002134153,0.7777919354289483,0.05246679835624363,-0.765535277429713,Visual,Visual
1,14,0.5787457425529792,0.06603069756121605,-0.292171185803555,0.9001845640199633,Visual,Default
1,15,0.7012235938310059,1.1272412069680329,-0.10348826806596086,0.7394126723009475,Visual,Control
1,16,0.49335116576968874,0.4675093422520456,-0.25197737820688537,-0.159648307422017,Visual,Visual
1,17,-0.6724313381605995,-0.8592924628832382,0.15256251210246857,-0.652916144664712,Visual,Default
1,18,0.08931758574111587,0.36875078408249884,1.471491972993157,0.5484279208297995,Visual,Control
1,19,1.3674217687704984,-0.9588826008289989,-2.5666584409312976,0.18797358748610446,Visual,Visual
1,20,0.6142583555393666,0.8784503013072725,-0.23685026450968424,-1.4481272594150476,Visual,Default
1,21,0.03265508575001333,-0.049925910986252896,0.17651242137244696,-0.0679802559844049,Visual,Control
1,22,-0.2567991551681029,-0.18486236354526056,0.2959939896870995,0.26203581207438104,Visual,Visual
1,23,-0.16218062399524044,-0.6809295444039414,-0.37191458132128985,-0.8996947864877538,Visual,Default
1,24,0.26291500223374914,1.2225413386740303,-1.7567217824785826,0.189843392837443,Visual,Control
2,3,-0.5603643995230723,-0.15452948206880215,0.32799548371410964,-1.4548224852577891,Default,Control
2,4,-0.6247904134829273,-0.4283278221631072,1.727350214164185,1.3361861000121709,Default,Visual
2,5,0.7543941063962791,-0.3521335504882296,-1.5338614049161376,1.2479499850594318,Default,Default
2,6,0.18221854355533565,0.5323091855533487,0.8638280136981883,-0.25251733430296475,Default,Control
2,7,0.3080452128528574,0.36544406436407834,-0.3285252231228939,0.36345433783907316,Default,Visual
2,8,-0.2168575375858536,0.4127326115959884,-0.0613243458288473,-2.409921965799875,Default,Default
2,9,0.1823110902986894,0.43082100300788273,-1.052898510703949,-1.1563476602653329,Default,Control
2,10,0.5353449245568431,2.1416476008704612,-0.33445617235587666,-0.2937789201521298,Default,Visual
2,11,-0.9190046486980603,-0.4064150163846156,1.3000445946989585,-1.0721330214268592,Default,Default
2,12,-0.5547259180859421,-0.5122427290715373,0.582655241987707,0.7143964826306588,Default,Control
2,13,-1.3073485864551995,-0.8137727282478777,1.732311605409944,1.997296530747994,Default,Visual
2,14,0.0007861123321783667,0.6159794225754956,1.1774118889776937,-1.176614719429302,Default,Default
2,15,0.4761512902074328,1.1289722927208916,0.4390866789295762,-0.8374634040851927,Default,Control
2,16,-0.716577099930983,-0.11394745765487507,1.743934526167792,0.23544836830993032,Default,Visual
2,17,-0.2524273560151218,-0.840156476962528,0.43899315873829875,1.6111161484996208,Default,Default
2,18,-1.379502477781799,-0.8244812156912396,0.8279881767970589,-1.2223743125399031,Default,Control
2,19,0.32585457273907725,0.6505927878247011,-0.29657095353470836,0.24903612230694197,Default,Visual
2,20,0.6479761728520275,0.7432541712034423,0.06654581585920483,1.8212988508131087,Default,Default
2,21,-0.008059129621383243,0.543154268305195,-0.6974238233002769,-1.6517591481792673,Default,Control
2,22,-1.1074453185548097,-0.6655097072886943,0.989583934594853,-1.281069206845832,Default,Visual
2,23,0.12424387348545754,0.23216132306671977,-1.1783036231148656,-0.42360660646083825,Default,Default
2,24,-0.13532180601297,0.11668580914072822,0.7823503424176613,-0.520588412855411,Default,Control
3,4,0.3218329435247059,0.21868859672901295,-0.19065105750515945,0.8126012877536446,Control,Visual
3,5,0.25714363623551845,0.8714287779481898,1.1712470934673194,0.24165971982083806,Control,Default
3,6,-0.6950876647827144,0.22359554877468227,0.7508689887312598,-1.7749620596421283,Control,Control
3,7,0.3889216688751305,0.6789135630718949,1.8206461576468016,0.5154104029008109,Control,Visual
3,8,-0.31434171828295826,0.06757906948889146,0.7307746911386448,-0.5775388873556505,Control,Default
3,9,0.6737452690206513,0.28911939868998415,-1.5720402556532407,1.274447216941239,Control,Control
3,10,0.1891084891285473,0.6312882258385404,-0.06695317289820084,-0.6275875364369197,Control,Visual
3,11,0.2126540077975863,-1.4571558198556664,-1.172007192594816,-0.6366152831022357,Control,Default
3,12,0.3122937672184619,-0.31967121635730134,-0.5182798423662747,0.5411316108045314,Control,Control
3,13,-0.9869715075609065,-0.4703726542927955,1.5112284332767216,0.7629264823369366,Control,Visual
3,14,-0.7597974252543374,-0.6388778482433419,0.637533810897696,0.4480993639362036,Control,Default
3,15,-0.3520879225717921,-0.27514225122668373,-0.6989304285787463,-1.6855973173848082,Control,Control
3,16,0.5963510660072784,1.4949413112343959,-1.013717366440399,0.5380344399282511,Control,Visual
3,17,-0.47422319166733784,-0.8658311156932432,0.03278209287626079,-1.034308051674399,Control,Default
3,18,0.360273984810075,0.9682783545914808,-1.2165601493811278,0.2352761115882635,Control,Control
3,19,-0.8483179921548674,-1.6828697716158048,-0.6711402773965811,-1.4237344353990602,Control,Visual
3,20,-0.46917477683571784,-0.33488502998577485,0.31200947155124387,0.44632214754306365,Control,Default
3,21,-0.4762801375487544,0.1627530651050056,1.1553120361066962,-0.8065989043073726,Control,Control
3,22,-0.0869557113684324,0.5862223313592781,0.6087614722244398,-1.2826346502605217,Control,Visual
3,23,0.4726554754779372,0.711226579792855,-2.2912895085981,0.7138201364823995,Control,Default
3,24,0.45606707285857306,0.7933472351999252,0.3043667290302598,0.2416445216767513,Control,Control
4,5,-0.37557788320787616,-0.3487250722484376,0.07203357323257792,-0.6139768013928971,Visual,Default
4,6,0.015748563278226824,-0.46235179266456716,0.41389028537269307,1.4511788490210642,Visual,Control
4,7,0.30925952633147646,0.8579758812571538,1.6162096816512073,-0.44065242156974244,Visual,Visual
4,8,0.5582757237190861,-0.1913043248816149,-2.063238276804743,0.03210767397093466,Visual,Default
4,9,-0.033273091720042294,-1.2756863233379219,-0.5911034251911056,0.2689134476786009,Visual,Control
4,10,-1.366061633272596,-1.1332872140034806,0.5909063227933546,-0.6196659341286136,Visual,Visual
4,11,0.7491134257554724,-0.9194522860016113,-1.5815943994539423,0.47113629339992935,Visual,Default
4,12,0.008001736503115423,0.49716074405376404,1.475949048053509,-0.5334523471647244,Visual,Control
4,13,-0.12275276902574128,0.14242573607056525,0.3683566127006584,-0.4116383222162092,Visual,Visual
4,14,0.8358589625991947,0.6904853540677682,0.846583985843404,1.362642639803341,Visual,Default
4,15,-0.24621667589072022,-0.42725264633653426,-0.5709436615217945,-1.040586052512433,Visual,Control
4,16,-0.28676506445211636,0.15853969107671423,0.8137636899662105,-2.41278033092949,Visual,Visual
4,17,0.5479966284667512,0.6255903939673367,1.0684715559890383,1.6109369950118944,Visual,Default
4,18,0.06496044399206347,-0.3093465397202384,0.23287802013716835,2.549327952607003,Visual,Control
4,19,0.13032884440690085,0.45677523755741145,0.23440089269869593,-0.40526926544933184,Visual,Visual
4,20,-1.032449211718721,-0.6619259410666513,0.2703432392817259,-1.9368380406201853,Visual,Default
4,21,0.027992811439013943,-0.3630538465650718,-0.8633452647393817,-0.31048397619594376,Visual,Control
4,22,-0.12177302281314673,-0.3817378939983291,-0.14752868024035293,-0.2862229498406692,Visual,Visual
4,23,-0.4338535215048762,-1.1958396455890397,-0.1525225324523588,-0.18992384102225704,Visual,Default
4,24,-0.11285377783888909,0.4869724807855818,0.3833938643534951,-1.1133880419218483,Visual,Control
5,6,-0.45835338043864216,-0.46940234020272387,0.9998242469102946,0.5795611424764774,Default,Control
5,7,0.5970453325234422,0.01249411872768743,-1.0585360819784093,0.5245073752860862,Default,Visual
5,8,0.17040110860577834,0.48074665890590895,-0.12500903031957764,-1.4944056198193065,Default,Default
5,9,0.2626867162980145,0.4465311760299441,1.4814555476589732,0.6991967316948878,Default,Control
5,10,0.9729113124684639,0.6653851089727862,-0.7435882288125641,2.052684981945891,Default,Visual
5,11,-0.01790355824002471,-0.09848548450942361,-0.8222500172903203,0.17196033243705985,Default,Default
5,12,-0.4217463760866956,-0.42329831204415375,0.20230619183119358,-0.33732516206850605,Default,Control
5,13,-0.47855124460935317,-0.07971821090639905,0.8443851904853201,-0.1420032144075213,Default,Visual
5,14,-0.7138716318811188,-1.6873344339580298,0.01142605556065933,0.6152567669685612,Default,Default
5,15,-2.3233582956356416,-1.4471124724230873,1.3289605904369892,-1.7306716055072182,Default,Control
5,16,-1.3637459640874905,-1.3226996123544024,0.8567939825665268,0.16439070297730224,Default,Visual
5,17,-0.8827369481766667,-0.9972468276014818,0.8418200668900618,-0.3904639494628101,Default,Default
5,18,0.46636779442525694,0.3997742267234366,0.5541165013240933,1.8478250129560454,Default,Control
5,19,-1.9668576091692314,-0.9054790553600608,2.327653100346085,-0.17417273380495787,Default,Visual
5,20,0.20223813967643428,-0.3781625540393897,-0.2051616888660442,1.6678876111195198,Default,Default
5,21,6.654731090509174e-05,1.2992282977860654,-2.003522292066514,-1.1037406977820072,Default,Control
5,22,-0.7696691703305697,-0.35626397106142593,1.604254361517141,0.5872591668027922,Default,Visual
5,23,0.5021720937711366,0.7375155684670865,-0.45769943095682564,0.3194002637912288,Default,Default
5,24,-0.5384739286151192,-0.933617680009877,0.10788044434303304,-0.8690472478647824,Default,Control
6,7,-0.3206080196647372,-0.20543755786763002,1.309550684860527,0.17739611463694044,Control,Visual
6,8,0.9034863751938361,-0.9500220549105812,-1.6022595410589253,1.2125188368316004,Control,Default
6,9,0.39939124030589046,-0.3390330759005625,-1.2516472141061394,-0.3237917042866007,Control,Control
6,10,-0.1487115087042196,0.8403081374573955,-1.6012779371188537,-1.6919626491697632,Control,Visual
6,11,-0.09342226822273264,-1.7273204231923487,-0.7941362900254239,-0.01756282647744591,Control,Default
6,12,0.12227505523068118,0.43442364354585733,0.43963660601699356,-0.9024230947925126,Control,Control
6,13,0.07288580137064475,0.2377356023322779,0.524187842812771,-0.3423409386638824,Control,Visual
6,14,-0.4301926422280214,-0.5941499556967944,0.27627417932855375,-0.08158776968512098,Control,Default
6,15,0.30980596983141373,-1.4460578543884546,-1.4127658838923665,-1.7056522160155172,Control,Control
6,16,0.41292847387069287,0.07212950771386951,-2.310103436632644,-1.615658339320678,Control,Visual
6,17,-0.016105055175286265,-0.5294927090638024,0.054353585390382264,0.48206683552552526,Control,Default
6,18,0.15282262603251634,0.23267621135470395,-0.47177603363833576,-0.5227186961696804,Control,Control
6,19,-0.6891778485590505,0.02185214552344288,0.45938577171661177,-2.564744341820567,Control,Visual
6,20,1.2473981541226182,1.6017788913209154,0.7019536262212701,0.7848440366081351,Control,Default
6,21,-0.5595009945624552,-0.23935562747302427,0.13824143205868192,0.27236975527423984,Control,Control
6,22,-1.1363284990496714,-1.023497492621865,0.7601330853758538,-0.713874824036484,Control,Visual
6,23,-0.7733167548967528,0.17927563495631615,0.22921137411506842,-1.3168302110582415,Control,Default
6,24,-0.09373401053338559,0.21999668397176517,0.5300647056014667,0.8358078963143372,Control,Control
7,8,0.6455179237356636,1.3591875752404365,-0.7046732628698824,0.3493506225604296,Visual,Default
7,9,0.9595906995994535,0.8351112459145785,-0.17961141383145854,2.3826022826840734,Visual,Control
7,10,0.05716558091337523,0.35687105914950934,0.19677609665695725,0.42018859872493736,Visual,Visual
7,11,0.9364909011176327,1.4633028912195618,0.8205284754174188,0.3877031412620148,Visual,Default
7,12,-0.11683762982111026,-1.188763054322851,-0.3937411722245721,-0.16692793010856513,Visual,Control
7,13,-0.5188423096596904,-0.6397515327497477,0.5211672557321126,0.816775867200791,Visual,Visual
7,14,0.1764466855343697,-0.9265759414055249,-0.265838791915379,0.6250852012481537,Visual,Default
7,15,0.10874240800061456,-0.38980980315576796,-0.11754216732813036,1.251725008565195,Visual,Control
7,16,-1.4370528932961317,-1.3766861475563088,0.829519042024073,-0.5213229186372847,Visual,Visual
7,17,0.5645855772161215,0.6351509468144043,-1.993060371054156,-0.4354074729439623,Visual,Default
7,18,0.3169060141031381,-0.22222269709877338,-1.296472328074761,-0.4791031709119801,Visual,Control
7,19,0.5890642639852248,-1.4708062945026579,-1.4821853974428207,0.7908017211789892,Visual,Visual
7,20,1.4234997516105834,-1.0155790812075416,-2.3336161198483047,1.498374440296732,Visual,Default
7,21,0.178068429024596,0.3135138474501953,-0.6782644401551767,-0.45884049314930064,Visual,Control
7,22,0.15581530553702044,0.8381265678943811,0.7494338997277404,-0.42477372779309125,Visual,Visual
7,23,0.8807365734747578,1.9967308916917865,-0.28488406638257474,0.3140772238697992,Visual,Default
7,24,1.4676463326864642,2.9138624660073296,0.19779008194185213,-0.24576150001290142,Visual,Control
8,9,0.39005666404134115,0.4144094332759964,1.0892174967107926,0.95205365313989,Default,Control
8,10,-1.8637569924188797,-0.9895381200318641,1.3276861322676916,-2.2517772906190467,Default,Visual
8,11,-1.1940800210672031,-2.132046280731309,-0.06913793472613955,-0.8267050469168946,Default,Default
8,12,-0.29968240892273484,0.2677114623438358,1.3535858895693973,-0.7824163339614458,Default,Control
8,13,-0.8946688635475818,-0.812941095310326,0.09212665843410921,-2.320356012386145,Default,Visual
8,14,0.08246305090942592,-0.41535726017968533,-0.8373982238274621,-0.9636384443688041,Default,Default
8,15,-0.31518413016352853,-0.6120967990598081,-0.5944003521987352,-0.9151561158459262,Default,Control
8,16,0.26068485395469637,-0.14079088641638526,-1.4805365125650163,-0.20110465451883033,Default,Visual
8,17,0.8090320800070224,1.0659802307876436,-0.8881338537336524,1.1129658916602636,Default,Default
8,18,0.05257622588270462,0.15704856744534462,-0.35801668807442916,-0.24506065119070236,Default,Control
8,19,-0.7900726137150288,-0.1586348370386883,0.8035850193786016,-1.0308137202711538,Default,Visual
8,20,-1.6917255209565367,-1.0356537528258116,1.7207698311659838,-0.056954541213528984,Default,Default
8,21,0.7825395015691271,-1.674682944704357,-1.38218151537704,1.0491736214413494,Default,Control
8,22,-0.8622152887125486,-0.4863079090733309,0.39282746825991893,-0.9759588161149049,Default,Visual
8,23,0.15996442978792547,-0.05378255081832049,-1.0405439391575344,-0.9105748839214486,Default,Default
8,24,1.2992955590034299,1.767929913579883,0.47469708846320197,0.5585489592742234,Default,Control
9,10,0.10948310027660949,0.13027452147288585,-0.1310866506877266,-0.22153611573080054,Control,Visual
9,11,0.5452142655628243,0.9827395110230576,-1.8309058258475304,0.6474846907094743,Control,Default
9,12,-0.9269044606237052,-0.49929559853915206,0.9282969915684843,-0.013646791795296761,Control,Control
9,13,0.06577381282967468,-1.1849437664170246,-0.605000712808731,0.701663648089567,Control,Visual
9,14,-0.368686468567144,-0.9651167622323719,-0.5339002383735546,-1.0350781140406409,Control,Default
9,15,0.19380216965958186,-0.7252260645357532,-1.06975241128969,-0.01208465078826744,Control,Control
9,16,0.7919163274169909,2.1284697324351645,-0.6542832766875555,-0.21069001436315682,Control,Visual
9,17,-0.7009328833020627,-0.8213866792243861,0.4278904406949172,-1.2158909241041307,Control,Default
9,18,0.3690060880680598,0.838489203736345,-0.18924434093640552,-1.5634779478686884,Control,Control
9,19,-0.33439434365358023,-0.9029271780870264,0.32866200228248105,0.6857490352746618,Control,Visual
9,20,0.4054219993261558,0.9315730128742441,0.3619218539288437,-0.3509523822179781,Control,Default
9,21,-0.15191505340321837,0.38495096610586316,1.320661655528167,-1.0222802816473295,Control,Control
9,22,0.14178186062032083,-0.1566378976580904,-0.3427861508643793,-0.09617893692333225,Control,Visual
9,23,0.69053672799378,-0.040762526135434025,-1.4768578168457318,1.1280188573493026,Control,Default
9,24,-1.3636151562370444,-0.6547876954293904,1.067222416571983,-2.280737845371923,Control,Control
10,11,0.0875707206939014,0.44607220148208054,-0.3314881720972547,-1.4966386899033264,Visual,Default
10,12,-0.9581876186646876,-0.45498348034078,1.114592444577377,-0.9228864418952676,Visual,Control
10,13,-0.7329209627955025,-1.2256057637672482,0.3833771131824704,1.461178866720329,Visual,Visual
10,14,-0.5382468604901942,-1.2779375743196193,-0.13113753020334493,0.2825869829192965,Visual,Default
10,15,0.2542889975215262,0.17258791772211948,0.3487758940462951,0.7673172404612268,Visual,Control
10,16,1.2089894199590259,1.579091256410435,1.9510125601262995,-1.1401609191262305,Visual,Visual
10,17,-0.583054243971692,0.15999161357343825,2.076980529053753,-1.1195358752705262,Visual,Default
10,18,0.10664862138579309,-0.11863832610988256,0.0693811351327787,0.4478137167227104,Visual,Control
10,19,0.06859920211398095,0.2858261396025429,0.1601905933170753,0.05827433093544655,Visual,Visual
10,20,1.1155424199891637,1.3060017417068248,1.0762401574663856,0.5487388188641266,Visual,Default
10,21,0.308472459775424,0.21938250136385634,-0.8456610327673472,-0.18767099092845213,Visual,Control
10,22,-0.4897250193052537,-0.41092723083373717,0.3330703726182551,0.278143726454627,Visual,Visual
10,23,0.7974280343945209,1.1062887100598888,-0.0258628479538564,0.15811908490510918,Visual,Default
10,24,0.25448358874634663,0.4287564384616135,0.3139082114575536,0.7777673890849254,Visual,Control
11,12,0.41908553778219626,1.535755991995992,-0.8333688059494058,0.8070082819444706,Default,Control
11,13,-0.02874889073773762,0.18323443722190613,-1.589567493308969,-1.6198719943917699,Default,Visual
11,14,0.42237163802357514,-1.2244690317205003,-2.0729834359912918,-2.2472685553408556,Default,Default
11,15,0.4708144529140571,-1.368159199245665,-1.1173841129896078,1.0017453976515072,Default,Control
11,16,0.8566380585256876,1.6509279322312496,-0.458675284939333,1.1877250932619365,Default,Visual
11,17,0.492995222326106,1.723665720783297,-0.2931915866487618,-1.0206230195133374,Default,Default
11,18,-1.0890488275472634,-0.17951921328260065,1.9372311624295169,-1.8598354065456286,Default,Control
11,19,-0.622124457803414,-0.38318732113598775,1.1059933699072981,0.09903482100720092,Default,Visual
11,20,0.690507278652578,1.4614442922422022,-0.9620911163416273,0.9308382263505294,Default,Default
11,21,-0.3908138600292064,-1.107045682043488,0.34770845245095694,1.7975945224343146,Default,Control
11,22,0.016129234804418927,-0.8947270189558264,-0.4070782363503251,0.516297572101451,Default,Visual
11,23,-0.05673934240792822,0.6433267946890444,-0.28436383804009513,-0.37171669658569495,Default,Default
11,24,-0.5154442986736871,-0.3946051228595896,0.18532564941538202,-0.8931306215848627,Default,Control
12,13,-0.5143220445671701,-0.005121866720071296,0.6191711169753933,0.011451291670654416,Control,Visual
12,14,-0.012208099872419602,-0.16344289852451258,-0.33925848388401536,-0.2992647038852564,Control,Default
12,15,-0.21042503193951376,0.33757454879893356,1.0638515327343585,-1.0150679057288161,Control,Control
12,16,0.9700004338762108,1.4074818613137168,-1.141938226142404,2.0487556508632867,Control,Visual
12,17,0.5787992634143588,0.09058490690174555,0.006339062362268442,1.785168402072131,Control,Default
12,18,0.46939042654106744,0.6439387932768579,2.5976737265958323,1.1360486835554284,Control,Control
12,19,-1.5341749603286623,-2.0501721010310225,0.2230797426252751,-0.9208503978091276,Control,Visual
12,20,-0.23847508935956052,-0.04871840193011795,1.4332145066061728,0.8550193242972788,Control,Default
12,21,-0.43120258612876305,-0.8432302702928711,0.09152017817320818,0.6396264094979018,Control,Control
12,22,-0.9784829152795866,-1.218813060423628,0.5807770953297967,0.44254562420405297,Control,Visual
12,23,-0.004242005570610385,-0.8781523669287508,-0.056783194392691534,1.2496652670437771,Control,Default
12,24,-0.049756052391268,-0.33412344070081207,-0.17040758116420443,0.6353711428612774,Control,Control
13,14,0.6750786697898467,0.9159025423560131,-0.7794823967254196,0.7400142363043355,Visual,Default
13,15,-0.7915947401606553,-1.326392717739564,0.4303013589575532,0.6369062833722101,Visual,Control
13,16,0.18528287004197114,0.030631492594417446,-0.8515371891857679,0.3407914080021059,Visual,Visual
13,17,-0.781300804951472,-0.4841694333335785,0.6655852363134291,-1.7836111297141835,Visual,Default
13,18,-0.5101612216339619,-0.32767309436196085,1.08528700444591,0.08362107741055723,Visual,Control
13,19,0.442486876548023,1.0027578253046041,0.36653140723722993,-0.5561919588491252,Visual,Visual
13,20,-0.07699831660313797,0.5381154370039261,-0.28624873355569186,-1.2798409576400205,Visual,Default
13,21,0.982844883647232,1.3373981074427437,0.4539655793086961,1.681816619300824,Visual,Control
13,22,0.2995754547259972,-0.15450567924990047,-0.3086730555464126,1.7289953408857035,Visual,Visual
13,23,-0.5358369978568738,-0.695942611670703,0.9355471254651493,1.359220600295612,Visual,Default
13,24,0.5091818847813109,-0.22385881688049952,-1.8314060842151236,0.2552134168558746,Visual,Control
14,15,0.525128983596416,0.2424967912712216,-0.3356073681186462,1.3506251209526567,Default,Control
14,16,0.36106784054107016,0.17657335845371103,-1.9908119951239978,0.012053180601825543,Default,Visual
14,17,0.564763833289885,-1.0843880722333665,-1.495060830227205,0.20279727689777938,Default,Default
14,18,-0.5167946508979845,0.09048978162787422,1.3638622298139094,-1.093471370461983,Default,Control
14,19,0.3734490825768818,0.22822833013890514,0.895184981971686,0.39699130449884,Default,Visual
14,20,0.5555518029839024,2.5174740375339204,-0.7194802332847904,0.0603859284244171,Default,Default
14,21,0.22145889809875396,1.8768446112816701,-1.502503456040897,-1.3026521168344645,Default,Control
14,22,1.4867597231791603,-0.8532433505588201,-2.964528837841651,-0.051197111816596905,Default,Visual
14,23,0.12756347295885806,-0.2873833615491761,-0.5434955079326346,-0.07972956385680847,Default,Default
14,24,-2.4974358805754324,-1.4634420018370031,2.4204150122474024,1.79756116664464,Default,Control
15,16,-0.2830227757552616,-0.5907070139634865,0.4348842714636474,0.8942133285134095,Control,Visual
15,17,0.23426898443492597,0.3156050035903405,-0.5595722860494895,0.011445439091466015,Control,Default
15,18,0.9555951986246212,1.2058536208882336,0.46508020950030626,0.248787309801083,Control,Control
15,19,0.4993451936373122,-0.7290838377436085,-1.5609583529944429,0.044212378104198057,Control,Visual
15,20,-0.030826614653772205,-0.6541464400677965,-0.29732336269763543,-0.20291398479554773,Control,Default
15,21,-1.5020710188887871,-2.147289029738655,0.09947747301573849,-1.0824271973882869,Control,Control
15,22,-0.08914866049252321,-0.16266592054490767,-0.08610065182104851,-0.15105187760692926,Control,Visual
15,23,-1.414528604878965,-1.062414411859563,0.7908061216900806,-0.7460982566525134,Control,Default
15,24,-0.6229103397755006,-0.5294394273660737,0.34464522623605237,-1.2503155389231464,Control,Control
16,17,-0.5543264869908356,-0.8768607781675882,0.668326018107997,0.5112218145475347,Visual,Default
16,18,0.25198500439636157,-0.09426255425255699,-0.6883722822307594,0.39126465993323495,Visual,Control
16,19,-2.16632942870495,-1.7577283913566313,0.8978154084105481,-1.786707511368078,Visual,Visual
16,20,-2.369822860563303,-1.4670452453909906,1.6289369476239914,-0.12268463749512722,Visual,Default
16,21,0.6941395658753469,2.129247112028298,-0.9701495196514126,0.9957013858999235,Visual,Control
16,22,0.05265878788470035,-1.287422581274031,-0.8876956557145598,1.0592237388963208,Visual,Visual
16,23,-1.4669200179548194,-1.0967855784546396,1.3357843363202329,1.0258368428852387,Visual,Default
16,24,0.8770675653766015,1.836913528321314,-0.19134398669506028,0.0389132069014598,Visual,Control
17,18,2.6915082560955836,2.905067169240407,1.403821392066557,-0.8450453279691511,Default,Control
17,19,-0.04099670828566293,-1.1715666288253417,-0.4425357118921839,-1.0836988273580606,Default,Visual
17,20,-0.8540325393020836,-0.36824895678803055,1.4550455762707113,0.3446049047503575,Default,Default
17,21,0.4404469450384074,0.34155555094050954,0.13148581680545218,0.379280034365163,Default,Control
17,22,1.2594690930254762,1.7286976444055924,0.2582288233226952,1.2873311116050654,Default,Visual
17,23,-1.383196384830299,-0.9868570784282374,1.5647180216699044,1.0999796503420836,Default,Default
17,24,0.059829370088066866,-0.24527784594210975,-0.36177047744417123,-0.1322286565311721,Default,Control
18,19,0.13882388605839732,0.777337576061744,-0.9411220959249583,-1.2442058788608694,Control,Visual
18,20,0.22668213913318272,0.43476607446661863,-0.44856420802835434,-0.31910659701089783,Control,Default
18,21,-0.4096412209730518,-0.37615607123009925,0.4523339506431387,0.21723119481052466,Control,Control
18,22,0.23649694965125828,-0.13382296451604114,-1.5657590721805144,-0.2020832453894041,Control,Visual
18,23,-1.576394205779313,-1.3748958083699818,0.6374709026511215,-0.5778941080776558,Control,Default
18,24,0.24243669152942676,-0.23817374397466523,-0.5387713176177432,0.2528848149698989,Control,Control
19,20,-0.7421392784968514,-0.2663874900089551,1.1478126607335635,-0.5039577414106104,Visual,Default
19,21,0.39698642429966235,0.23216988962625595,-2.3942603049004716,-0.628066083725374,Visual,Control
19,22,0.1965930877136322,-0.555327218819016,-0.7865657751041687,0.31145283430343956,Visual,Visual
19,23,0.462457148413359,0.471538522545139,-1.686468151234102,-0.4019925801292048,Visual,Default
19,24,0.4954079581744859,1.0127158178198286,-0.8262294663639526,0.24410438897835213,Visual,Control
20,21,-0.024954724625863345,0.15542932766846604,0.24766590110894313,0.2732040228521227,Default,Control
20,22,0.16048668934046967,0.35175640839920347,-0.1792266254497549,-1.1394290010915746,Default,Visual
20,23,0.2378331960491538,0.053155347577867364,-0.25337756894801494,-0.4812411238654122,Default,Default
20,24,0.40953117060008504,8.439309141418043e-05,-0.1591848713800608,1.4377769399164624,Default,Control
21,22,-0.566864432381637,-0.7215580335428474,0.20338824061994343,-1.1620795127342871,Control,Visual
21,23,0.09609270516127003,0.316494261673308,-1.0085360419431078,-2.116654448970531,Control,Default
21,24,-0.49105912352543124,-0.09728659841348947,0.7068496408990508,-1.8618451532425115,Control,Control
22,23,1.5005497926789337,2.093168308930595,0.6626659703854839,0.029109946576669203,Visual,Default
22,24,1.0094221133486365,1.5733549024752425,0.385037937656101,0.03091727803269891,Visual,Control
23,24,0.1662847624770129,0.3858465525565008,0.5565334427512632,-0.11761085542512094,Default,Control
